<?xml version="1.0" encoding="UTF-8"?>
<plugin name="Update PBBoard 3.0.4">
<installcode><![CDATA[
$info_query1 = $PowerBB->DB->sql_query("SELECT * FROM " . $PowerBB->table['info'] . " WHERE var_name='adsense_limited_usergroups'");
$info_row1 = $PowerBB->DB->sql_fetch_array($info_query1);
if (!$info_row1){
$PowerBB->DB->sql_query('INSERT INTO ' . $PowerBB->table['info'] . " SET var_name='adsense_limited_usergroups',value='0' ");
}

$info_query2 = $PowerBB->DB->sql_query("SELECT * FROM " . $PowerBB->table['info'] . " WHERE var_name='download_subject'");
$info_row2 = $PowerBB->DB->sql_fetch_array($info_query2);
if (!$info_row2){
$PowerBB->DB->sql_query('INSERT INTO ' . $PowerBB->table['info'] . " SET var_name='download_subject',value='0' ");
}

$PowerBB->DB->sql_query("ALTER TABLE " . $PowerBB->table['online'] . " CHANGE user_ip user_ip VARCHAR(100) CHARACTER SET utf8mb4 COLLATE utf8mb4_unicode_ci NOT NULL");
$PowerBB->DB->sql_query("ALTER TABLE " . $PowerBB->table['online'] . " CHANGE user_location user_location VARCHAR(650) CHARACTER SET utf8mb4 COLLATE utf8mb4_unicode_ci NOT NULL");
$PowerBB->DB->sql_query("ALTER TABLE " . $PowerBB->table['online'] . " CHANGE path path VARCHAR(650) CHARACTER SET utf8mb4 COLLATE utf8mb4_unicode_ci NOT NULL");
$PowerBB->DB->sql_query("ALTER TABLE " . $PowerBB->table['member'] . " CHANGE member_ip member_ip VARCHAR(100) CHARACTER SET utf8mb4 COLLATE utf8mb4_unicode_ci NOT NULL");

$info_query3 = $PowerBB->DB->sql_query("SELECT * FROM " . $PowerBB->table['info'] . " WHERE var_name='send_subject_to_friend'");
$info_row3 = $PowerBB->DB->sql_fetch_array($info_query3);
if (!$info_row3){
$PowerBB->DB->sql_query('INSERT INTO ' . $PowerBB->table['info'] . " SET var_name='send_subject_to_friend',value='0' ");
}

$info_query4 = $PowerBB->DB->sql_query("SELECT * FROM " . $PowerBB->table['info'] . " WHERE var_name='print_subject'");
$info_row4 = $PowerBB->DB->sql_fetch_array($info_query4);
if (!$info_row4){
$PowerBB->DB->sql_query('INSERT INTO ' . $PowerBB->table['info'] . " SET var_name='print_subject',value='0' ");
}


$info_query5 = $PowerBB->DB->sql_query("SELECT * FROM " . $PowerBB->table['info'] . " WHERE var_name='sitemap_gzip'");
$info_row5 = $PowerBB->DB->sql_fetch_array($info_query5);
if (!$info_row5){
$PowerBB->DB->sql_query('INSERT INTO ' . $PowerBB->table['info'] . " SET var_name='sitemap_gzip',value='1' ");
}

$info_query6 = $PowerBB->DB->sql_query("SELECT * FROM " . $PowerBB->table['info'] . " WHERE var_name='sitemap_url_max'");
$info_row6 = $PowerBB->DB->sql_fetch_array($info_query6);
if (!$info_row6){
$PowerBB->DB->sql_query('INSERT INTO ' . $PowerBB->table['info'] . " SET var_name='sitemap_url_max',value='1500' ");
}
]]></installcode>
<templates>
<template name="print_subject.tpl" type="retrieval"></template>
<template name="show_subject_information.tpl" type="retrieval"></template>
<template name="subject_top.tpl" type="retrieval"></template>
<template name="forum.tpl" type="retrieval"></template>
</templates>
</plugin>
