<?xml version="1.0" encoding="UTF-8"?>
<plugin name="Update PBBoard 3.0.4">
<version>1.0</version>
<description><![CDATA[Update PBBoard 3.0.4]]></description>
<author>PBB</author>
<url>pbboard.info</url>
<installcode><![CDATA[
@set_time_limit(0);
@ignore_user_abort(true);

$info_vars = array(
    'adsense_limited_usergroups' => '0',
    'download_subject'           => '0',
    'send_subject_to_friend'    => '0',
    'print_subject'             => '0',
    'sitemap_gzip'              => '1',
    'sitemap_url_max'           => '1500'
);

foreach ($info_vars as $var => $val) {
    $check = $PowerBB->DB->sql_query("SELECT var_name FROM " . $PowerBB->table['info'] . " WHERE var_name='$var'");
    if ($PowerBB->DB->sql_num_rows($check) == 0) {
        $PowerBB->DB->sql_query("INSERT INTO " . $PowerBB->table['info'] . " (var_name, value) VALUES ('$var', '$val')");
    }
}

$info_query7 = $PowerBB->DB->sql_query("SELECT var_name FROM " . $PowerBB->table['info'] . " WHERE var_name='show_debug_info'");
$info_row7 = $PowerBB->DB->sql_fetch_array($info_query7);
if (!$info_row7){
$PowerBB->DB->sql_query('INSERT INTO ' . $PowerBB->table['info'] . " SET var_name='show_debug_info',value='0' ");
}
$table_on = $PowerBB->table['online'];
@$PowerBB->DB->sql_query("ALTER TABLE $table_on
    CHANGE user_ip user_ip VARCHAR(100) NOT NULL,
    CHANGE user_location user_location VARCHAR(650) NOT NULL,
    CHANGE path path VARCHAR(650) NOT NULL,
    MODIFY id INT(11) NOT NULL AUTO_INCREMENT,
    MODIFY username VARCHAR(250) NOT NULL DEFAULT '',
    MODIFY bot_name VARCHAR(250) NOT NULL DEFAULT '',
    MODIFY logged INT(15) NOT NULL DEFAULT '0',
    MODIFY last_move INT(15) NOT NULL DEFAULT '0'");

$table_mem = $PowerBB->table['member'];
@$PowerBB->DB->sql_query("ALTER TABLE $table_mem CHANGE member_ip member_ip VARCHAR(100) NOT NULL");

$Version = $PowerBB->_CONF['info_row']['MySBB_version'];
if ($Version == '3.0.4'){

    $table_sub = $PowerBB->table['subject'];
    @$PowerBB->DB->sql_query("ALTER TABLE $table_sub
        MODIFY write_time INT(15) NOT NULL DEFAULT '0',
        MODIFY native_write_time INT(15) NOT NULL DEFAULT '0',
        MODIFY stick INT(1) NOT NULL DEFAULT '0',
        MODIFY review_subject INT(1) NOT NULL DEFAULT '0',
        MODIFY delete_topic INT(1) NOT NULL DEFAULT '0',
        MODIFY close INT(1) NOT NULL DEFAULT '0',
        MODIFY sec_subject INT(1) NOT NULL DEFAULT '0'");

    $indices_subject = array(
        'fast_section_list' => "(section, stick, review_subject, write_time)",
        'writer_idx'        => "(writer)",
        'last_replier_idx'  => "(last_replier)",
        'write_time_idx'    => "(write_time)"
    );
    foreach ($indices_subject as $key => $val) {
        $check = $PowerBB->DB->sql_query("SHOW INDEX FROM $table_sub WHERE Key_name = '$key'");
        if ($PowerBB->DB->sql_num_rows($check) == 0) {
            @$PowerBB->DB->sql_query("ALTER TABLE $table_sub ADD INDEX $key $val");
        }
    }

    $table_rep = $PowerBB->table['reply'];
    @$PowerBB->DB->sql_query("ALTER TABLE $table_rep
        MODIFY write_time INT(15) NOT NULL DEFAULT '0',
        MODIFY delete_topic INT(1) NOT NULL DEFAULT '0',
        MODIFY review_reply INT(1) NOT NULL DEFAULT '0'");

    if ($PowerBB->DB->sql_num_rows($PowerBB->DB->sql_query("SHOW INDEX FROM $table_rep WHERE Key_name = 'subject_replies'")) == 0) {
        @$PowerBB->DB->sql_query("ALTER TABLE $table_rep ADD INDEX subject_replies (subject_id, write_time)");
        @$PowerBB->DB->sql_query("ALTER TABLE $table_rep ADD INDEX writer_idx (writer)");
    }

    $mem_time_fields = array('lastvisit', 'lastpost_time', 'logged', 'register_time', 'lastsearch_time');
    $mem_sql = "ALTER TABLE $table_mem ";
    $mem_updates = [];
    foreach ($mem_time_fields as $field) {
        $mem_updates[] = "MODIFY $field INT(15) NOT NULL DEFAULT '0'";
    }
    @$PowerBB->DB->sql_query($mem_sql . implode(', ', $mem_updates));

    foreach (array('username' => '(username)', 'email' => '(email)') as $key => $val) {
        if ($PowerBB->DB->sql_num_rows($PowerBB->DB->sql_query("SHOW INDEX FROM $table_mem WHERE Key_name = '$key'")) == 0) {
            @$PowerBB->DB->sql_query("ALTER TABLE $table_mem ADD INDEX $key $val");
        }
    }

    foreach (array('user_id', 'user_ip', 'logged', 'last_move', 'is_bot') as $idx) {
        if ($PowerBB->DB->sql_num_rows($PowerBB->DB->sql_query("SHOW INDEX FROM $table_on WHERE Key_name = '$idx'")) == 0) {
            @$PowerBB->DB->sql_query("ALTER TABLE $table_on ADD INDEX ($idx)");
        }
    }

    $table_tag = $PowerBB->table['tag'];
    if ($PowerBB->DB->sql_num_rows($PowerBB->DB->sql_query("SHOW INDEX FROM $table_tag WHERE Key_name = 'tag'")) == 0) {
        @$PowerBB->DB->sql_query("ALTER TABLE $table_tag ADD INDEX (tag)");
    }
    if ($PowerBB->DB->sql_num_rows($PowerBB->DB->sql_query("SHOW INDEX FROM $table_tag WHERE Key_name = 'number'")) == 0) {
        @$PowerBB->DB->sql_query("ALTER TABLE $table_tag ADD INDEX (number)");
    }

    $table_ts = $PowerBB->table['tag_subject'];
    if ($PowerBB->DB->sql_num_rows($PowerBB->DB->sql_query("SHOW INDEX FROM $table_ts WHERE Key_name = 'tag_id'")) == 0) {
        @$PowerBB->DB->sql_query("ALTER TABLE $table_ts ADD INDEX (tag_id), ADD INDEX (subject_id)");
    }

    $table_tpl = $PowerBB->table['template'];
    if ($PowerBB->DB->sql_num_rows($PowerBB->DB->sql_query("SHOW INDEX FROM $table_tpl WHERE Key_name = 'style_title'")) == 0) {
        @$PowerBB->DB->sql_query("ALTER TABLE $table_tpl ADD INDEX style_title (styleid, title, templatetype)");
    }

    $table_vm = $PowerBB->table['visitormessage'];
    @$PowerBB->DB->sql_query("ALTER TABLE $table_vm MODIFY dateline INT(15) NOT NULL DEFAULT '0'");

    $PowerBB->DB->sql_query("UPDATE " . $PowerBB->table['info'] . " SET value='3.0.4' WHERE var_name='MySBB_version'");
}
]]></installcode>
<templates>
<template name="show_tags_topic.tpl" type="retrieval"></template>
<template name="tags_edit_subject.tpl" type="retrieval"></template>
<template name="forum_subject_table.tpl" type="retrieval"></template>
<template name="sections_list.tpl" type="replace">
<find><![CDATA[{$forum['last_subjectid']}"]]></find>
<action><![CDATA[
{$forum['last_subjectid']}
{if {$forum['real_last_page']} > 1}
&count={$forum['real_last_page']}
{/if}#
{$forum['last_reply']}"
]]></action>
</template>
<template name="today_subject.tpl" type="retrieval"></template>
<template name="today_reply.tpl" type="retrieval"></template>
<template name="headinclud.tpl" type="replace">
<find><![CDATA[<link rel="stylesheet" href="{$ForumAdress}applications/core/colorbox-master/colorbox.css" />]]></find>
<action><![CDATA[]]></action>
</template>
<template name="headinclud.tpl" type="replace">
<find><![CDATA[<script type="text/javascript" src="{$ForumAdress}applications/core/colorbox-master/jquery.colorbox.js"></script>]]></find>
<action><![CDATA[]]></action>
</template>
<template name="imgs_resize.tpl" type="retrieval"></template>
<template name="statistics_list.tpl" type="retrieval"></template>
<template name="chat.tpl" type="retrieval"></template>
<template name="chat_window.tpl" type="retrieval"></template>
<template name="chat_online.tpl" type="retrieval"></template>
<template name="add_chat_message.tpl" type="retrieval"></template>
</templates>
</plugin>
