<?xml version="1.0" encoding="UTF-8"?>
<plugin name="Update PBBoard 3.0.4">
<installcode><![CDATA[
$info_query = $PowerBB->DB->sql_query("SELECT * FROM " . $PowerBB->table['info'] . " WHERE var_name='download_subject'");
$info_row = $PowerBB->DB->sql_fetch_array($info_query);
if (!$info_row){
$PowerBB->DB->sql_query("ALTER TABLE " . $PowerBB->table['online'] . " CHANGE user_ip user_ip VARCHAR(100) CHARACTER SET utf8mb4 COLLATE utf8mb4_unicode_ci NOT NULL");
$PowerBB->DB->sql_query("ALTER TABLE " . $PowerBB->table['online'] . " CHANGE user_location user_location VARCHAR(650) CHARACTER SET utf8mb4 COLLATE utf8mb4_unicode_ci NOT NULL");
$PowerBB->DB->sql_query("ALTER TABLE " . $PowerBB->table['online'] . " CHANGE path path VARCHAR(350) CHARACTER SET utf8mb4 COLLATE utf8mb4_unicode_ci NOT NULL");
$PowerBB->DB->sql_query("ALTER TABLE " . $PowerBB->table['member'] . " CHANGE member_ip member_ip VARCHAR(100) CHARACTER SET utf8mb4 COLLATE utf8mb4_unicode_ci NOT NULL");
$PowerBB->DB->sql_query('INSERT INTO ' . $PowerBB->table['info'] . " SET var_name='download_subject',value='0' ");
$PowerBB->DB->sql_query('INSERT INTO ' . $PowerBB->table['info'] . " SET var_name='print_subject',value='0' ");
$PowerBB->DB->sql_query('INSERT INTO ' . $PowerBB->table['info'] . " SET var_name='send_subject_to_friend',value='0' ");
}
]]></installcode>
<templates>
<template name="print_subject.tpl" type="retrieval"></template>
<template name="avatar_options_list.tpl" type="retrieval"></template>
<template name="iconbox.tpl" type="retrieval"></template>
<template name="smilebox.tpl" type="retrieval"></template>
<template name="smile_all.tpl" type="retrieval"></template>

<template name="sections_list.tpl" type="replace">
<find><![CDATA[alt="{$lang['section_picture']}" style="max-width: 50px !important;max-height: 50px !important;"]]></find>
<action><![CDATA[alt="{$lang['section_picture']}"]]></action>
</template>

<template name="sections_list.tpl" type="replace">
<find><![CDATA[src="{$forum['section_picture']}"]]></find>
<action><![CDATA[src="{$forum['section_picture']}" style="max-width: 50px !important;max-height: 50px !important;"]]></action>
</template>

</templates>
</plugin>
