<?xml version="1.0" encoding="UTF-8"?>
<plugin name="Update PBBoard 3.0.4">
<version>1.0</version>
<description><![CDATA[Update PBBoard 3.0.4]]></description>
<author>PBB</author>
<url>pbboard.info</url>
<installcode><![CDATA[
@set_time_limit(0);
@ignore_user_abort(true);

$info_vars = array(
    'adsense_limited_usergroups' => '0',
    'download_subject'           => '0',
    'send_subject_to_friend'    => '0',
    'print_subject'             => '0',
    'sitemap_gzip'              => '1',
    'sitemap_url_max'           => '1500'
);

foreach ($info_vars as $var => $val) {
    $check = $PowerBB->DB->sql_query("SELECT var_name FROM " . $PowerBB->table['info'] . " WHERE var_name='$var'");
    if ($PowerBB->DB->sql_num_rows($check) == 0) {
        $PowerBB->DB->sql_query("INSERT INTO " . $PowerBB->table['info'] . " (var_name, value) VALUES ('$var', '$val')");
    }
}

$info_query7 = $PowerBB->DB->sql_query("SELECT var_name FROM " . $PowerBB->table['info'] . " WHERE var_name='show_debug_info'");
$info_row7 = $PowerBB->DB->sql_fetch_array($info_query7);

if (!$info_row7) {
    $PowerBB->DB->sql_query('INSERT INTO ' . $PowerBB->table['info'] . " SET var_name='show_debug_info', value='0'");
}
$table_on = $PowerBB->table['online'];

// التحقق من المحرك الحالي
$engine_check = $PowerBB->DB->sql_query("SHOW TABLE STATUS WHERE Name = '$table_on'");
$table_info = $PowerBB->DB->sql_fetch_array($engine_check);

if (isset($table_info['Engine']) && strtoupper($table_info['Engine']) == 'MYISAM') {

    $table_mem = $PowerBB->table['member'];
    $table_sub = $PowerBB->table['subject'];
    $table_rep = $PowerBB->table['reply'];
    $table_sec = $PowerBB->table['section'];

    // 1. تنفيذ كافة تعديلات البنية والمحرك في خطوة واحدة لكل جدول (توفير هائل للموارد)
    @$PowerBB->DB->sql_query("ALTER TABLE $table_on ENGINE=InnoDB, MODIFY id INT(11) NOT NULL AUTO_INCREMENT, MODIFY username VARCHAR(150) NOT NULL DEFAULT '', MODIFY logged INT(11) NOT NULL DEFAULT '0', MODIFY last_move INT(11) NOT NULL DEFAULT '0'");
    @$PowerBB->DB->sql_query("ALTER TABLE $table_mem ENGINE=InnoDB, CHANGE member_ip member_ip VARCHAR(100) NOT NULL DEFAULT '', MODIFY avater_path VARCHAR(255) NOT NULL DEFAULT ''");
    @$PowerBB->DB->sql_query("ALTER TABLE $table_sub ENGINE=InnoDB, MODIFY write_time INT(15) NOT NULL DEFAULT '0', MODIFY native_write_time INT(15) NOT NULL DEFAULT '0'");
    @$PowerBB->DB->sql_query("ALTER TABLE $table_rep ENGINE=InnoDB, MODIFY write_time INT(15) NOT NULL DEFAULT '0'");
    @$PowerBB->DB->sql_query("ALTER TABLE $table_sec ENGINE=InnoDB");

    // 2. إضافة فهارس جدول المواضيع
    $indices_subject = array(
        'fast_section_list' => "(section, stick, review_subject, write_time)",
        'idx_perf_subject'  => "(delete_topic, review_subject, native_write_time, section)",
        'idx_perf_reply'    => "(delete_topic, review_subject, write_time, section)"
    );
    foreach ($indices_subject as $key => $val) {
        $check = $PowerBB->DB->sql_query("SHOW INDEX FROM $table_sub WHERE Key_name = '$key'");
        if ($PowerBB->DB->sql_num_rows($check) == 0) {
            @$PowerBB->DB->sql_query("ALTER TABLE $table_sub ADD INDEX $key $val");
        }
    }

    // 3. إضافة فهارس الأعضاء والردود
    if ($PowerBB->DB->sql_num_rows($PowerBB->DB->sql_query("SHOW INDEX FROM $table_mem WHERE Key_name = 'idx_user_info'")) == 0) {
        @$PowerBB->DB->sql_query("ALTER TABLE $table_mem ADD INDEX idx_user_info (id, username, usergroup, username_style_cache, avater_path)");
    }

    if ($PowerBB->DB->sql_num_rows($PowerBB->DB->sql_query("SHOW INDEX FROM $table_rep WHERE Key_name = 'subject_replies'")) == 0) {
        @$PowerBB->DB->sql_query("ALTER TABLE $table_rep ADD INDEX subject_replies (subject_id, write_time)");
    }
}
]]></installcode>
<templates>
<template name="show_tags_topic.tpl" type="retrieval"></template>
<template name="tags_edit_subject.tpl" type="retrieval"></template>
<template name="forum_subject_table.tpl" type="retrieval"></template>
<template name="sections_list.tpl" type="replace">
<find><![CDATA[{$forum['last_subjectid']}"]]></find>
<action><![CDATA[
{$forum['last_subjectid']}
{if {$forum['real_last_page']} > 1}
&count={$forum['real_last_page']}
{/if}#
{$forum['last_reply']}"
]]></action>
</template>
<template name="today_subject.tpl" type="retrieval"></template>
<template name="today_reply.tpl" type="retrieval"></template>
<template name="headinclud.tpl" type="replace">
<find><![CDATA[<link rel="stylesheet" href="{$ForumAdress}applications/core/colorbox-master/colorbox.css" />]]></find>
<action><![CDATA[]]></action>
</template>
<template name="headinclud.tpl" type="replace">
<find><![CDATA[<script type="text/javascript" src="{$ForumAdress}applications/core/colorbox-master/jquery.colorbox.js"></script>]]></find>
<action><![CDATA[]]></action>
</template>
<template name="imgs_resize.tpl" type="retrieval"></template>
<template name="statistics_list.tpl" type="retrieval"></template>
<template name="chat.tpl" type="retrieval"></template>
<template name="chat_window.tpl" type="retrieval"></template>
<template name="chat_online.tpl" type="retrieval"></template>
<template name="add_chat_message.tpl" type="retrieval"></template>

<template name="review_reply.tpl" type="retrieval"></template>
<template name="search_results_username_subject.tpl" type="retrieval"></template>
<template name="search_results_username_reply.tpl" type="retrieval"></template>
<template name="search_results_all.tpl" type="retrieval"></template>
<template name="search_results_one.tpl" type="retrieval"></template>
<template name="search_results_tags.tpl" type="retrieval"></template>
<template name="whatis_new.tpl" type="retrieval"></template>


</templates>
</plugin>
