<?xml version="1.0" encoding="UTF-8"?>
<plugin name="Update PBBoard 3.0.4">
<installcode><![CDATA[
$info_query = $PowerBB->DB->sql_query("SELECT * FROM " . $PowerBB->table['info'] . " WHERE var_name='download_subject'");
$info_row = $PowerBB->DB->sql_fetch_array($info_query);
if (!$info_row){
$PowerBB->DB->sql_query("ALTER TABLE " . $PowerBB->table['online'] . " CHANGE user_ip user_ip VARCHAR(100) CHARACTER SET utf8mb4 COLLATE utf8mb4_unicode_ci NOT NULL");
$PowerBB->DB->sql_query("ALTER TABLE " . $PowerBB->table['online'] . " CHANGE user_location user_location VARCHAR(650) CHARACTER SET utf8mb4 COLLATE utf8mb4_unicode_ci NOT NULL");
$PowerBB->DB->sql_query("ALTER TABLE " . $PowerBB->table['online'] . " CHANGE path path VARCHAR(350) CHARACTER SET utf8mb4 COLLATE utf8mb4_unicode_ci NOT NULL");
$PowerBB->DB->sql_query("ALTER TABLE " . $PowerBB->table['member'] . " CHANGE member_ip member_ip VARCHAR(100) CHARACTER SET utf8mb4 COLLATE utf8mb4_unicode_ci NOT NULL");
$PowerBB->DB->sql_query('INSERT INTO ' . $PowerBB->table['info'] . " SET var_name='download_subject',value='0' ");
$PowerBB->DB->sql_query('INSERT INTO ' . $PowerBB->table['info'] . " SET var_name='print_subject',value='0' ");
$PowerBB->DB->sql_query('INSERT INTO ' . $PowerBB->table['info'] . " SET var_name='send_subject_to_friend',value='0' ");
}
]]></installcode>
<templates>
<template name="print_subject.tpl" type="replace">
<find><![CDATA[{$_CONF['info_row']['title']} - {$Info['title']} -]]></find>
<action><![CDATA[{$lang['Print']} - ]]></action>
</template>

<template name="print_subject.tpl" type="replace">
<find><![CDATA[{$lang['Print_topic']}]]></find>
<action><![CDATA[{$Info['title']}]]></action>
</template>

<template name="stuff_profile.tpl" type="replace">
<find><![CDATA[index.php?{$Location['path']}]]></find>
<action><![CDATA[{$Location['path']}]]></action>
</template>

<template name="avatar_options_list.tpl" type="replace">
<find><![CDATA[src="{$AvatarList['avatar_path']}" /></label>]]></find>
<action><![CDATA[src="{$AvatarList['avatar_path']}" style="max-width: 100px !important;max-height: 100px !important;" /></label>]]></action>
</template>

<template name="iconbox.tpl" type="replace">
<find><![CDATA[alt="{$IconRows['smile_path']}" class="brd0"]]></find>
<action><![CDATA[alt="{$IconRows['smile_path']}" style="max-width: 25px !important;max-height: 25px !important;" class="brd0"]]></action>
</template>

<template name="smilebox.tpl" type="replace">
<find><![CDATA[alt="{$SmlList['smile_path']}" class="brd0"]]></find>
<action><![CDATA[alt="{$SmlList['smile_path']}" style="max-width: 25px !important;max-height: 25px !important;" class="brd0"]]></action>
</template>

<template name="smile_all.tpl" type="replace">
<find><![CDATA[alt="{$SmlList['smile_short']}" class="brd0"]]></find>
<action><![CDATA[alt="{$SmlList['smile_short']}" style="max-width: 25px !important;max-height: 25px !important;" class="brd0"]]></action>
</template>

<template name="sections_list.tpl" type="replace">
<find><![CDATA[alt="{$lang['section_picture']}"]]></find>
<action><![CDATA[alt="{$lang['section_picture']}" style="max-width: 50px !important;max-height: 50px !important;"]]></action>
</template>

</templates>
</plugin>
