<?xml version="1.0" encoding="UTF-8"?>
<plugin name="Update PBBoard 3.0.4">
<installcode><![CDATA[
$info_query = $PowerBB->DB->sql_query("SELECT * FROM " . $PowerBB->table['info'] . " WHERE var_name='adsense_limited_usergroups'");
$info_row = $PowerBB->DB->sql_fetch_array($info_query);
if (!$info_row){
$PowerBB->DB->sql_query('INSERT INTO ' . $PowerBB->table['info'] . " SET var_name='adsense_limited_usergroups',value='0' ");
}
]]></installcode>
<templates>
<template name="friends_main.tpl" type="retrieval"></template>
<template name="smile_all.tpl" type="retrieval"></template>
</templates>
</plugin>
