<?xml version="1.0" encoding="UTF-8"?>
<plugin name="">
<installcode><![CDATA[
$PowerBB->DB->sql_query("ALTER TABLE " . $PowerBB->table['online'] . " CHANGE user_ip user_ip VARCHAR(100) CHARACTER SET utf8mb4 COLLATE utf8mb4_unicode_ci NOT NULL");
$PowerBB->DB->sql_query("ALTER TABLE " . $PowerBB->table['member'] . " CHANGE member_ip member_ip VARCHAR(100) CHARACTER SET utf8mb4 COLLATE utf8mb4_unicode_ci NOT NULL");
]]></installcode>
<templates>
<template name="add_edit_topic_thump.tpl" type="new">
<text><![CDATA[
]]></text>
</template>

<template name="headinclud.tpl" type="after">
<find><![CDATA[<body>]]></find>
<action><![CDATA[<b>hello</b>]]></action>
</template>

<template name="header.tpl" type="before">
<find><![CDATA[{template}header_bar{/template}]]></find>
<action><![CDATA[<b>hooool</b>]]></action>
</template>
</templates>
</plugin>
