<?xml version="1.0" encoding="UTF-8"?>
<plugin name="Update PBBoard 3.0.4">
<version>1.0</version>
<description><![CDATA[Update PBBoard 3.0.4]]></description>
<author>PBB</author>
<url>pbboard.info</url>
<installcode><![CDATA[
$info_query1 = $PowerBB->DB->sql_query("SELECT var_name FROM " . $PowerBB->table['info'] . " WHERE var_name='adsense_limited_usergroups'");
$info_row1 = $PowerBB->DB->sql_fetch_array($info_query1);
if (!$info_row1){
$PowerBB->DB->sql_query('INSERT INTO ' . $PowerBB->table['info'] . " SET var_name='adsense_limited_usergroups',value='0' ");
}

$info_query2 = $PowerBB->DB->sql_query("SELECT var_name FROM " . $PowerBB->table['info'] . " WHERE var_name='download_subject'");
$info_row2 = $PowerBB->DB->sql_fetch_array($info_query2);
if (!$info_row2){
$PowerBB->DB->sql_query('INSERT INTO ' . $PowerBB->table['info'] . " SET var_name='download_subject',value='0' ");
}

$PowerBB->DB->sql_query("ALTER TABLE " . $PowerBB->table['online'] . " CHANGE user_ip user_ip VARCHAR(100) CHARACTER SET utf8mb4 COLLATE utf8mb4_unicode_ci NOT NULL");
$PowerBB->DB->sql_query("ALTER TABLE " . $PowerBB->table['online'] . " CHANGE user_location user_location VARCHAR(650) CHARACTER SET utf8mb4 COLLATE utf8mb4_unicode_ci NOT NULL");
$PowerBB->DB->sql_query("ALTER TABLE " . $PowerBB->table['online'] . " CHANGE path path VARCHAR(650) CHARACTER SET utf8mb4 COLLATE utf8mb4_unicode_ci NOT NULL");
$PowerBB->DB->sql_query("ALTER TABLE " . $PowerBB->table['member'] . " CHANGE member_ip member_ip VARCHAR(100) CHARACTER SET utf8mb4 COLLATE utf8mb4_unicode_ci NOT NULL");

$info_query3 = $PowerBB->DB->sql_query("SELECT var_name FROM " . $PowerBB->table['info'] . " WHERE var_name='send_subject_to_friend'");
$info_row3 = $PowerBB->DB->sql_fetch_array($info_query3);
if (!$info_row3){
$PowerBB->DB->sql_query('INSERT INTO ' . $PowerBB->table['info'] . " SET var_name='send_subject_to_friend',value='0' ");
}

$info_query4 = $PowerBB->DB->sql_query("SELECT var_name FROM " . $PowerBB->table['info'] . " WHERE var_name='print_subject'");
$info_row4 = $PowerBB->DB->sql_fetch_array($info_query4);
if (!$info_row4){
$PowerBB->DB->sql_query('INSERT INTO ' . $PowerBB->table['info'] . " SET var_name='print_subject',value='0' ");
}


$info_query5 = $PowerBB->DB->sql_query("SELECT var_name FROM " . $PowerBB->table['info'] . " WHERE var_name='sitemap_gzip'");
$info_row5 = $PowerBB->DB->sql_fetch_array($info_query5);
if (!$info_row5){
$PowerBB->DB->sql_query('INSERT INTO ' . $PowerBB->table['info'] . " SET var_name='sitemap_gzip',value='1' ");
}

$info_query6 = $PowerBB->DB->sql_query("SELECT var_name FROM " . $PowerBB->table['info'] . " WHERE var_name='sitemap_url_max'");
$info_row6 = $PowerBB->DB->sql_fetch_array($info_query6);
if (!$info_row6){
$PowerBB->DB->sql_query('INSERT INTO ' . $PowerBB->table['info'] . " SET var_name='sitemap_url_max',value='1500' ");
}

$info_query7 = $PowerBB->DB->sql_query("SELECT var_name FROM " . $PowerBB->table['info'] . " WHERE var_name='show_debug_info'");
$info_row7 = $PowerBB->DB->sql_fetch_array($info_query7);
if (!$info_row7){
$PowerBB->DB->sql_query('INSERT INTO ' . $PowerBB->table['info'] . " SET var_name='show_debug_info',value='0' ");
}
]]></installcode>
<templates>
<template name="show_tags_topic.tpl" type="retrieval"></template>
<template name="tags_edit_subject.tpl" type="retrieval"></template>
<template name="forum_subject_table.tpl" type="retrieval"></template>
<template name="sections_list.tpl" type="replace">
<find><![CDATA[{$forum['last_subjectid']}"]]></find>
<action><![CDATA[
{$forum['last_subjectid']}
{if {$forum['real_last_page']} > 1}
&count={$forum['real_last_page']}
{/if}#
{$forum['last_reply']}"
]]></action>
</template>
<template name="today_subject.tpl" type="retrieval"></template>
<template name="today_reply.tpl" type="retrieval"></template>
<template name="headinclud.tpl" type="replace">
<find><![CDATA[<link rel="stylesheet" href="{$ForumAdress}applications/core/colorbox-master/colorbox.css" />]]></find>
<action><![CDATA[]]></action>
</template>
<template name="headinclud.tpl" type="replace">
<find><![CDATA[<script type="text/javascript" src="{$ForumAdress}applications/core/colorbox-master/jquery.colorbox.js"></script>]]></find>
<action><![CDATA[]]></action>
</template>
<template name="imgs_resize.tpl" type="retrieval"></template>
<template name="statistics_list.tpl" type="retrieval"></template>
<template name="chat.tpl" type="retrieval"></template>
<template name="chat_window.tpl" type="retrieval"></template>
<template name="chat_online.tpl" type="retrieval"></template>
<template name="add_chat_message.tpl" type="retrieval"></template>
</templates>
</plugin>
